Model,Accuracy,Precision,Recall,F1-score
RandomForest,0.94,0.9459459459459459,0.7777777777777778,0.8536585365853658
XGBoost,0.935,0.9,0.8,0.8470588235294118
BiLSTM,0.775,0.0,0.0,0.0
