Model,Accuracy,Precision,Recall,F1-score
RandomForest,0.94,0.9459459459459459,0.7777777777777778,0.8536585365853658
